{"stats":{"minecraft:dropped":{"minecraft:wheat_seeds":1},"minecraft:mined":{"minecraft:grass":1,"minecraft:dead_bush":24},"minecraft:picked_up":{"minecraft:stick":28,"minecraft:wheat_seeds":1},"minecraft:custom":{"minecraft:jump":45,"minecraft:time_since_rest":5460,"minecraft:crouch_one_cm":554,"minecraft:sprint_one_cm":592,"minecraft:play_time":5460,"minecraft:time_since_death":5460,"minecraft:walk_one_cm":29987,"minecraft:sneak_time":129,"minecraft:total_world_time":5460,"minecraft:drop":1,"minecraft:fly_one_cm":325}},"DataVersion":3465}