{"stats":{"minecraft:crafted":{"minecraft:cooked_porkchop":1,"minecraft:crafting_table":1,"minecraft:stick":16,"minecraft:wooden_pickaxe":1,"minecraft:stone_pickaxe":1,"minecraft:stone_sword":1,"minecraft:furnace":1,"spartanshields:wooden_basic_shield":1,"spartanshields:stone_basic_shield":1,"minecraft:acacia_planks":36,"minecraft:torch":4,"minecraft:stone_axe":1,"minecraft:air":0},"minecraft:mined":{"minecraft:acacia_leaves":3,"minecraft:crafting_table":2,"minecraft:acacia_log":9,"minecraft:coal_ore":3,"minecraft:grass_block":1,"minecraft:dirt":1,"minecraft:stone":69},"minecraft:dropped":{"minecraft:acacia_planks":10,"minecraft:stick":7},"minecraft:killed_by":{"minecraft:spider":1},"minecraft:picked_up":{"minecraft:stick":5,"minecraft:crafting_table":3,"minecraft:cooked_porkchop":2,"minecraft:torch":8,"alexsmobs:acacia_blossom":1,"minecraft:acacia_log":9,"minecraft:wooden_pickaxe":1,"minecraft:dirt":2,"alexsmobs:animal_dictionary":1,"minecraft:acacia_planks":27,"alexsmobs:maggot":5,"minecraft:coal":3,"minecraft:acacia_sapling":7,"minecraft:cobblestone":79},"minecraft:custom":{"minecraft:time_since_rest":12751,"minecraft:interact_with_furnace":3,"minecraft:sprint_one_cm":53057,"minecraft:damage_taken":285,"minecraft:walk_one_cm":17512,"minecraft:mob_kills":3,"minecraft:drop":8,"minecraft:damage_dealt":560,"minecraft:interact_with_crafting_table":19,"minecraft:fly_one_cm":42190,"minecraft:crouch_one_cm":8868,"minecraft:play_time":17897,"minecraft:deaths":1,"minecraft:sneak_time":3871,"minecraft:jump":237,"minecraft:time_since_death":12722,"minecraft:total_world_time":17897,"minecraft:fall_one_cm":4894},"minecraft:killed":{"minecraft:zombie":2,"alexsmobs:fly":1},"minecraft:used":{"alexsmobs:maggot":3,"minecraft:stone_sword":8,"minecraft:stone_pickaxe":58,"minecraft:wooden_pickaxe":21,"minecraft:torch":3,"minecraft:stone_axe":1,"minecraft:dirt":2,"minecraft:cobblestone":27,"minecraft:crafting_table":2,"minecraft:cooked_porkchop":1,"minecraft:furnace":1,"alexsmobs:animal_dictionary":1}},"DataVersion":3465}