{"stats":{"minecraft:dropped":{"minecraft:wheat_seeds":1},"minecraft:mined":{"minecraft:crafting_table":1,"minecraft:grass":1,"minecraft:oak_log":20,"minecraft:coal_ore":20,"minecraft:dead_bush":24,"minecraft:stone":21},"minecraft:crafted":{"minecraft:oak_planks":40,"minecraft:shield":1,"minecraft:crafting_table":1,"minecraft:wooden_pickaxe":1,"minecraft:iron_ingot":1,"minecraft:stone_pickaxe":1,"minecraft:stone_sword":1,"minecraft:torch":4,"minecraft:stone_axe":1},"minecraft:killed":{"minecraft:chicken":1,"minecraft:cow":1},"minecraft:used":{"minecraft:stone_pickaxe":38,"minecraft:wooden_pickaxe":3,"minecraft:stone_axe":13,"minecraft:crafting_table":1,"minecraft:egg":4},"minecraft:picked_up":{"minecraft:stick":28,"minecraft:crafting_table":1,"minecraft:feather":2,"minecraft:chicken":1,"minecraft:oak_log":20,"minecraft:wheat_seeds":1,"minecraft:beef":2,"minecraft:oak_sapling":7,"minecraft:coal":20,"minecraft:cobblestone":21,"minecraft:egg":4},"minecraft:custom":{"minecraft:time_since_rest":17460,"minecraft:interact_with_furnace":14,"minecraft:sprint_one_cm":26798,"minecraft:damage_taken":40,"minecraft:walk_one_cm":64490,"minecraft:mob_kills":2,"minecraft:drop":1,"minecraft:damage_dealt":140,"minecraft:interact_with_crafting_table":15,"minecraft:fly_one_cm":29565,"minecraft:crouch_one_cm":2365,"minecraft:play_time":17460,"minecraft:sneak_time":1018,"minecraft:jump":261,"minecraft:time_since_death":17460,"minecraft:total_world_time":17460,"minecraft:fall_one_cm":4449}},"DataVersion":3465}