{"stats":{"minecraft:crafted":{"minecraft:cooked_porkchop":1,"minecraft:crafting_table":2,"minecraft:wooden_pickaxe":1,"minecraft:furnace":1,"spartanshields:stone_basic_shield":1,"minecraft:stone_axe":1,"minecraft:air":0,"minecraft:stick":16,"minecraft:stone_pickaxe":1,"minecraft:stone_sword":1,"spartanshields:wooden_basic_shield":1,"minecraft:acacia_planks":36,"minecraft:torch":4,"spartanweaponry:stone_boomerang":1},"minecraft:mined":{"minecraft:acacia_leaves":3,"minecraft:white_bed":1,"minecraft:crafting_table":2,"minecraft:acacia_log":15,"minecraft:grass_block":3,"minecraft:tall_grass":1,"minecraft:cobblestone":2,"minecraft:copper_ore":2,"minecraft:fire":3,"minecraft:andesite":1,"minecraft:grass":10,"minecraft:coal_ore":3,"minecraft:dirt":2,"minecraft:stone":71},"minecraft:killed_by":{"minecraft:player":2,"minecraft:skeleton":1,"minecraft:spider":1},"minecraft:dropped":{"minecraft:wheat_seeds":1,"minecraft:stick":7,"minecraft:acacia_planks":10},"minecraft:custom":{"minecraft:interact_with_furnace":3,"minecraft:mob_kills":11,"minecraft:interact_with_crafting_table":20,"minecraft:leave_game":1,"minecraft:time_since_death":2906,"minecraft:time_since_rest":2929,"minecraft:sprint_one_cm":136588,"minecraft:damage_taken":1551,"minecraft:walk_one_cm":38288,"minecraft:damage_blocked_by_shield":285,"minecraft:drop":9,"minecraft:damage_dealt":1622,"minecraft:swim_one_cm":768,"minecraft:fly_one_cm":124766,"minecraft:player_kills":2,"minecraft:crouch_one_cm":17118,"minecraft:deaths":4,"minecraft:play_time":38167,"minecraft:sneak_time":7402,"minecraft:walk_under_water_one_cm":1818,"minecraft:jump":716,"minecraft:walk_on_water_one_cm":3292,"minecraft:total_world_time":38167,"minecraft:fall_one_cm":24850},"minecraft:picked_up":{"minecraft:wooden_axe":3,"minecraft:crafting_table":3,"minecraft:feather":6,"minecraft:cooked_beef":7,"minecraft:chicken":4,"minecraft:andesite":1,"spartanshields:iron_basic_shield":5,"minecraft:leather":19,"alexsmobs:acacia_blossom":2,"minecraft:wooden_pickaxe":4,"minecraft:flint":4,"minecraft:dirt":65,"minecraft:raw_copper":16,"minecraft:acacia_planks":91,"minecraft:wheat_seeds":9,"minecraft:beef":9,"minecraft:stone_pickaxe":4,"minecraft:wooden_shovel":1,"minecraft:acacia_sapling":31,"minecraft:egg":4,"minecraft:furnace":1,"minecraft:stick":5,"minecraft:cooked_porkchop":2,"spartanweaponry:simple_handle":1,"minecraft:dandelion":2,"minecraft:torch":14,"minecraft:acacia_log":15,"minecraft:white_bed":2,"alexsmobs:animal_dictionary":2,"minecraft:stone_sword":5,"minecraft:arrow":4,"minecraft:rotten_flesh":3,"minecraft:stone_axe":1,"alexsmobs:maggot":9,"minecraft:oak_sapling":2,"minecraft:mutton":3,"minecraft:coal":24,"minecraft:cobblestone":164},"minecraft:killed":{"minecraft:skeleton":2,"minecraft:zombie":3,"alexsmobs:fly":1,"minecraft:cow":4},"minecraft:used":{"minecraft:stone_sword":26,"minecraft:stone_pickaxe":65,"minecraft:wooden_pickaxe":21,"minecraft:torch":8,"minecraft:dirt":6,"minecraft:crafting_table":3,"minecraft:white_bed":1,"minecraft:wooden_axe":5,"alexsmobs:maggot":4,"spartanshields:stone_basic_shield":3,"spartanweaponry:stone_boomerang":1,"minecraft:stone_axe":1,"minecraft:cobblestone":38,"spartanshields:iron_basic_shield":1,"minecraft:furnace":1,"minecraft:cooked_porkchop":3,"minecraft:andesite":1,"alexsmobs:animal_dictionary":1,"minecraft:cooked_beef":4}},"DataVersion":3465}