{"stats":{"minecraft:crafted":{"minecraft:cooked_porkchop":1,"minecraft:crafting_table":1,"minecraft:stick":16,"minecraft:wooden_pickaxe":1,"minecraft:stone_pickaxe":1,"minecraft:stone_sword":1,"minecraft:furnace":1,"spartanshields:wooden_basic_shield":1,"spartanshields:stone_basic_shield":1,"minecraft:acacia_planks":36,"minecraft:torch":4,"minecraft:stone_axe":1,"minecraft:air":0},"minecraft:mined":{"minecraft:acacia_leaves":3,"minecraft:andesite":1,"minecraft:crafting_table":2,"minecraft:acacia_log":15,"minecraft:coal_ore":3,"minecraft:grass_block":1,"minecraft:dirt":1,"minecraft:copper_ore":2,"minecraft:cobblestone":2,"minecraft:stone":71},"minecraft:dropped":{"minecraft:acacia_planks":10,"minecraft:stick":7},"minecraft:killed_by":{"minecraft:player":1,"minecraft:spider":1},"minecraft:picked_up":{"minecraft:stick":5,"minecraft:crafting_table":3,"minecraft:cooked_porkchop":2,"minecraft:andesite":1,"minecraft:torch":8,"alexsmobs:acacia_blossom":1,"minecraft:acacia_log":15,"minecraft:wooden_pickaxe":1,"minecraft:dirt":2,"alexsmobs:animal_dictionary":1,"minecraft:raw_copper":8,"minecraft:acacia_planks":27,"alexsmobs:maggot":5,"minecraft:coal":3,"minecraft:acacia_sapling":7,"minecraft:cobblestone":80},"minecraft:custom":{"minecraft:time_since_rest":985,"minecraft:interact_with_furnace":3,"minecraft:sprint_one_cm":80822,"minecraft:damage_taken":700,"minecraft:walk_one_cm":26654,"minecraft:damage_blocked_by_shield":225,"minecraft:mob_kills":4,"minecraft:drop":8,"minecraft:damage_dealt":614,"minecraft:player_kills":1,"minecraft:swim_one_cm":768,"minecraft:interact_with_crafting_table":19,"minecraft:fly_one_cm":57562,"minecraft:crouch_one_cm":13932,"minecraft:play_time":27388,"minecraft:deaths":2,"minecraft:walk_under_water_one_cm":1818,"minecraft:sneak_time":6342,"minecraft:jump":374,"minecraft:leave_game":1,"minecraft:walk_on_water_one_cm":3292,"minecraft:time_since_death":884,"minecraft:total_world_time":27388,"minecraft:fall_one_cm":9667},"minecraft:killed":{"minecraft:zombie":2,"alexsmobs:fly":1},"minecraft:used":{"alexsmobs:maggot":4,"minecraft:stone_sword":10,"spartanshields:stone_basic_shield":3,"minecraft:stone_pickaxe":65,"minecraft:wooden_pickaxe":21,"minecraft:torch":8,"minecraft:stone_axe":1,"minecraft:dirt":2,"minecraft:cobblestone":32,"minecraft:crafting_table":2,"minecraft:cooked_porkchop":3,"minecraft:furnace":1,"minecraft:andesite":1,"alexsmobs:animal_dictionary":1}},"DataVersion":3465}