{"stats":{"minecraft:crafted":{"minecraft:wooden_sword":1,"minecraft:oak_planks":32,"minecraft:cooked_porkchop":5,"minecraft:crafting_table":1,"minecraft:wooden_pickaxe":1,"minecraft:furnace":2,"minecraft:cooked_mutton":4,"minecraft:air":0,"spartanshields:iron_basic_shield":1,"minecraft:stick":12,"minecraft:iron_ingot":10,"minecraft:stone_pickaxe":1,"minecraft:wooden_axe":1,"minecraft:stone_sword":1,"spartanshields:wooden_basic_shield":2,"minecraft:acacia_planks":16,"minecraft:torch":24},"minecraft:mined":{"minecraft:acacia_leaves":2,"minecraft:crafting_table":2,"minecraft:torch":6,"minecraft:granite":2,"minecraft:acacia_log":11,"minecraft:grass_block":18,"minecraft:tall_grass":3,"minecraft:cobblestone":2,"minecraft:wall_torch":7,"minecraft:furnace":2,"minecraft:iron_ore":10,"minecraft:grass":53,"minecraft:oak_log":13,"minecraft:coal_ore":38,"minecraft:dirt":10,"minecraft:dripstone_block":1,"minecraft:stone":44,"minecraft:oak_leaves":7},"minecraft:killed_by":{"minecraft:player":1,"minecraft:skeleton":5,"minecraft:zombie":2},"minecraft:custom":{"minecraft:interact_with_furnace":13,"spartanshields:shield_bash_hits":5,"minecraft:mob_kills":20,"minecraft:interact_with_crafting_table":27,"minecraft:leave_game":3,"minecraft:time_since_death":1331,"minecraft:sleep_in_bed":1,"minecraft:time_since_rest":1361,"minecraft:sprint_one_cm":77047,"minecraft:damage_taken":3596,"minecraft:walk_one_cm":175506,"minecraft:damage_blocked_by_shield":1575,"minecraft:drop":31,"minecraft:damage_dealt":2943,"minecraft:swim_one_cm":7092,"minecraft:fly_one_cm":59076,"minecraft:player_kills":4,"minecraft:crouch_one_cm":16469,"minecraft:play_time":52317,"minecraft:deaths":9,"minecraft:sneak_time":6235,"minecraft:walk_under_water_one_cm":9163,"minecraft:jump":671,"minecraft:walk_on_water_one_cm":9665,"minecraft:total_world_time":52317,"minecraft:fall_one_cm":38077},"minecraft:picked_up":{"minecraft:crafting_table":6,"minecraft:feather":1,"minecraft:chicken":16,"minecraft:andesite":3,"spartanshields:iron_basic_shield":1,"alexsmobs:acacia_blossom":9,"minecraft:wooden_pickaxe":7,"minecraft:oak_log":28,"minecraft:dirt":47,"minecraft:raw_copper":24,"minecraft:wooden_sword":3,"minecraft:acacia_planks":92,"minecraft:apple":2,"minecraft:wheat_seeds":25,"minecraft:beef":9,"minecraft:iron_ingot":6,"minecraft:stone_pickaxe":7,"spartanshields:wooden_basic_shield":1,"minecraft:wooden_shovel":1,"minecraft:acacia_sapling":19,"minecraft:egg":14,"minecraft:furnace":6,"minecraft:raw_iron":10,"minecraft:stick":60,"spartanweaponry:simple_handle":1,"minecraft:dandelion":1,"minecraft:torch":61,"minecraft:acacia_log":11,"minecraft:dripstone_block":6,"minecraft:gravel":16,"minecraft:porkchop":5,"minecraft:pointed_dripstone":2,"spartanshields:stone_basic_shield":4,"alexsmobs:animal_dictionary":5,"minecraft:stone_sword":2,"minecraft:rotten_flesh":15,"minecraft:stone_axe":7,"minecraft:granite":2,"alexsmobs:maggot":3,"minecraft:oak_sapling":22,"minecraft:mutton":4,"minecraft:coal":117,"minecraft:white_wool":8,"minecraft:cobblestone":83,"minecraft:ender_pearl":1},"minecraft:dropped":{"minecraft:iron_ingot":4,"minecraft:furnace":1,"minecraft:wheat_seeds":4,"alexsmobs:acacia_blossom":1,"spartanshields:stone_basic_shield":1,"minecraft:stone_sword":1,"alexsmobs:animal_dictionary":1,"minecraft:raw_copper":8,"minecraft:dripstone_block":6,"minecraft:cooked_porkchop":2,"minecraft:pointed_dripstone":2,"minecraft:granite":1,"spartanshields:wooden_basic_shield":2,"minecraft:torch":8,"minecraft:wooden_axe":1,"minecraft:acacia_sapling":7,"minecraft:stone_pickaxe":1,"minecraft:wooden_pickaxe":2},"minecraft:killed":{"minecraft:pig":2,"minecraft:sheep":2,"minecraft:skeleton":3,"minecraft:zombie":6,"minecraft:chicken":4,"alexsmobs:fly":1,"minecraft:enderman":1},"minecraft:used":{"minecraft:cooked_mutton":4,"minecraft:stone_sword":63,"spartanshields:wooden_basic_shield":11,"minecraft:stone_pickaxe":64,"minecraft:wooden_pickaxe":38,"minecraft:rotten_flesh":5,"minecraft:torch":19,"minecraft:dirt":4,"minecraft:crafting_table":2,"minecraft:granite":1,"minecraft:wooden_axe":3,"alexsmobs:maggot":3,"spartanshields:stone_basic_shield":1,"minecraft:stone_axe":8,"minecraft:wooden_sword":4,"minecraft:cobblestone":47,"spartanshields:iron_basic_shield":6,"minecraft:furnace":2,"minecraft:cooked_porkchop":3,"minecraft:andesite":3,"alexsmobs:animal_dictionary":1,"minecraft:acacia_planks":1}},"DataVersion":3465}