{"stats":{"minecraft:crafted":{"minecraft:cooked_porkchop":5,"minecraft:crafting_table":1,"minecraft:wooden_pickaxe":1,"minecraft:furnace":2,"minecraft:cooked_mutton":4,"minecraft:air":0,"spartanshields:iron_basic_shield":1,"minecraft:stick":12,"minecraft:iron_ingot":10,"minecraft:stone_pickaxe":1,"minecraft:wooden_axe":1,"minecraft:stone_sword":1,"spartanshields:wooden_basic_shield":2,"minecraft:acacia_planks":16,"minecraft:torch":24},"minecraft:mined":{"minecraft:acacia_leaves":2,"minecraft:crafting_table":1,"minecraft:torch":4,"minecraft:granite":2,"minecraft:acacia_log":11,"minecraft:tall_grass":2,"minecraft:cobblestone":2,"minecraft:wall_torch":5,"minecraft:furnace":2,"minecraft:iron_ore":10,"minecraft:grass":44,"minecraft:oak_log":5,"minecraft:coal_ore":38,"minecraft:dripstone_block":1,"minecraft:stone":44,"minecraft:oak_leaves":2},"minecraft:killed_by":{"minecraft:skeleton":1},"minecraft:custom":{"minecraft:interact_with_furnace":13,"spartanshields:shield_bash_hits":5,"minecraft:mob_kills":17,"minecraft:interact_with_crafting_table":26,"minecraft:leave_game":3,"minecraft:time_since_death":893,"minecraft:sleep_in_bed":1,"minecraft:time_since_rest":88,"minecraft:sprint_one_cm":31702,"minecraft:damage_taken":1459,"minecraft:walk_one_cm":119240,"minecraft:damage_blocked_by_shield":1530,"minecraft:drop":31,"minecraft:damage_dealt":2493,"minecraft:swim_one_cm":7092,"minecraft:fly_one_cm":33979,"minecraft:player_kills":2,"minecraft:crouch_one_cm":12073,"minecraft:play_time":40317,"minecraft:deaths":2,"minecraft:sneak_time":5168,"minecraft:walk_under_water_one_cm":9163,"minecraft:jump":503,"minecraft:walk_on_water_one_cm":9665,"minecraft:total_world_time":40317,"minecraft:fall_one_cm":16076},"minecraft:picked_up":{"minecraft:crafting_table":2,"minecraft:feather":1,"minecraft:chicken":4,"minecraft:andesite":3,"alexsmobs:acacia_blossom":1,"minecraft:wooden_pickaxe":1,"minecraft:oak_log":5,"minecraft:raw_copper":8,"minecraft:acacia_planks":17,"minecraft:wheat_seeds":7,"minecraft:stone_pickaxe":1,"spartanshields:wooden_basic_shield":1,"minecraft:acacia_sapling":7,"minecraft:egg":1,"minecraft:furnace":2,"minecraft:raw_iron":10,"minecraft:stick":13,"minecraft:torch":14,"minecraft:acacia_log":11,"minecraft:dripstone_block":6,"minecraft:porkchop":5,"minecraft:pointed_dripstone":2,"spartanshields:stone_basic_shield":1,"alexsmobs:animal_dictionary":1,"minecraft:stone_sword":1,"minecraft:rotten_flesh":5,"minecraft:stone_axe":1,"minecraft:granite":2,"alexsmobs:maggot":3,"minecraft:oak_sapling":2,"minecraft:mutton":4,"minecraft:coal":71,"minecraft:white_wool":2,"minecraft:cobblestone":72,"minecraft:ender_pearl":1},"minecraft:dropped":{"minecraft:iron_ingot":4,"minecraft:furnace":1,"minecraft:wheat_seeds":4,"alexsmobs:acacia_blossom":1,"spartanshields:stone_basic_shield":1,"minecraft:stone_sword":1,"alexsmobs:animal_dictionary":1,"minecraft:raw_copper":8,"minecraft:dripstone_block":6,"minecraft:cooked_porkchop":2,"minecraft:pointed_dripstone":2,"minecraft:granite":1,"spartanshields:wooden_basic_shield":2,"minecraft:torch":8,"minecraft:wooden_axe":1,"minecraft:acacia_sapling":7,"minecraft:stone_pickaxe":1,"minecraft:wooden_pickaxe":2},"minecraft:killed":{"minecraft:pig":2,"minecraft:sheep":2,"minecraft:skeleton":3,"minecraft:zombie":4,"minecraft:chicken":4,"alexsmobs:fly":1,"minecraft:enderman":1},"minecraft:used":{"minecraft:cooked_mutton":4,"minecraft:stone_sword":63,"spartanshields:wooden_basic_shield":11,"minecraft:stone_pickaxe":64,"minecraft:wooden_pickaxe":38,"minecraft:rotten_flesh":5,"minecraft:torch":19,"minecraft:crafting_table":2,"minecraft:granite":1,"minecraft:wooden_axe":3,"alexsmobs:maggot":3,"minecraft:stone_axe":8,"minecraft:cobblestone":47,"spartanshields:iron_basic_shield":6,"minecraft:furnace":2,"minecraft:cooked_porkchop":3,"minecraft:andesite":3,"alexsmobs:animal_dictionary":1,"minecraft:acacia_planks":1}},"DataVersion":3465}