{"stats":{"minecraft:dropped":{"minecraft:wooden_pickaxe":1,"minecraft:oak_sapling":2},"minecraft:crafted":{"minecraft:oak_planks":24,"minecraft:torch":4,"minecraft:shield":1,"minecraft:stone_axe":1,"minecraft:iron_pickaxe":1,"minecraft:air":0,"minecraft:iron_ingot":5,"minecraft:stone_pickaxe":1},"minecraft:mined":{"minecraft:grass":1,"minecraft:coal_ore":20,"minecraft:oak_log":6,"minecraft:dead_bush":16,"minecraft:gravel":11,"minecraft:iron_ore":4,"minecraft:stone":40,"minecraft:oak_leaves":2},"minecraft:used":{"minecraft:cobblestone":2,"minecraft:stone_pickaxe":36,"minecraft:iron_pickaxe":3,"minecraft:wooden_pickaxe":25},"minecraft:picked_up":{"minecraft:raw_iron":4,"minecraft:stick":20,"minecraft:wooden_pickaxe":1,"minecraft:gravel":10,"minecraft:flint":1,"minecraft:oak_log":6,"minecraft:oak_sapling":2,"minecraft:coal":20,"minecraft:cobblestone":40},"minecraft:custom":{"minecraft:time_since_rest":17912,"minecraft:interact_with_furnace":11,"minecraft:crouch_one_cm":4223,"minecraft:play_time":17912,"minecraft:sprint_one_cm":21684,"minecraft:damage_taken":100,"minecraft:walk_one_cm":31439,"minecraft:sneak_time":1234,"minecraft:drop":3,"minecraft:jump":214,"minecraft:damage_dealt":10,"minecraft:time_since_death":17912,"minecraft:total_world_time":17912,"minecraft:interact_with_crafting_table":10,"minecraft:fall_one_cm":7259,"minecraft:fly_one_cm":31938}},"DataVersion":3465}