{"stats":{"minecraft:crafted":{"minecraft:cooked_porkchop":5,"minecraft:crafting_table":1,"minecraft:stick":12,"minecraft:wooden_pickaxe":1,"minecraft:stone_pickaxe":1,"minecraft:wooden_axe":1,"minecraft:stone_sword":1,"spartanshields:wooden_basic_shield":1,"minecraft:furnace":1,"minecraft:acacia_planks":16,"minecraft:torch":24,"minecraft:air":0},"minecraft:mined":{"minecraft:acacia_leaves":2,"minecraft:furnace":1,"minecraft:iron_ore":10,"minecraft:torch":2,"minecraft:granite":2,"minecraft:grass":9,"minecraft:acacia_log":11,"minecraft:coal_ore":38,"minecraft:dripstone_block":1,"minecraft:cobblestone":2,"minecraft:stone":44,"minecraft:wall_torch":5},"minecraft:dropped":{"minecraft:torch":8,"minecraft:cooked_porkchop":2},"minecraft:picked_up":{"minecraft:crafting_table":1,"minecraft:raw_iron":10,"minecraft:stick":12,"minecraft:andesite":3,"minecraft:wooden_pickaxe":1,"alexsmobs:acacia_blossom":1,"minecraft:torch":12,"minecraft:acacia_log":11,"minecraft:dripstone_block":6,"minecraft:porkchop":5,"minecraft:pointed_dripstone":2,"alexsmobs:animal_dictionary":1,"spartanshields:stone_basic_shield":1,"minecraft:raw_copper":8,"minecraft:stone_sword":1,"minecraft:rotten_flesh":3,"minecraft:acacia_planks":17,"minecraft:stone_axe":1,"minecraft:stone_pickaxe":1,"minecraft:granite":2,"alexsmobs:maggot":2,"minecraft:acacia_sapling":6,"minecraft:coal":40,"minecraft:ender_pearl":1,"minecraft:cobblestone":72,"minecraft:furnace":1},"minecraft:custom":{"minecraft:time_since_rest":24371,"minecraft:interact_with_furnace":2,"minecraft:sprint_one_cm":13354,"spartanshields:shield_bash_hits":1,"minecraft:damage_taken":925,"minecraft:walk_one_cm":72503,"minecraft:damage_blocked_by_shield":840,"minecraft:mob_kills":7,"minecraft:drop":9,"minecraft:damage_dealt":1539,"minecraft:swim_one_cm":7092,"minecraft:interact_with_crafting_table":23,"minecraft:fly_one_cm":9004,"minecraft:player_kills":2,"minecraft:crouch_one_cm":11999,"minecraft:deaths":1,"minecraft:play_time":29060,"minecraft:sneak_time":5152,"minecraft:walk_under_water_one_cm":9163,"minecraft:jump":303,"minecraft:leave_game":3,"minecraft:walk_on_water_one_cm":9665,"minecraft:time_since_death":24339,"minecraft:total_world_time":29060,"minecraft:fall_one_cm":9505},"minecraft:used":{"minecraft:wooden_axe":3,"minecraft:stone_sword":26,"spartanshields:wooden_basic_shield":11,"minecraft:stone_pickaxe":63,"minecraft:wooden_pickaxe":38,"minecraft:rotten_flesh":3,"minecraft:torch":16,"minecraft:cobblestone":47,"minecraft:crafting_table":1,"minecraft:cooked_porkchop":3,"minecraft:furnace":1,"minecraft:andesite":3,"minecraft:granite":1},"minecraft:killed":{"minecraft:skeleton":2,"minecraft:zombie":2,"minecraft:pig":2,"minecraft:enderman":1}},"DataVersion":3465}