{"stats":{"minecraft:crafted":{"minecraft:cooked_porkchop":5,"minecraft:crafting_table":1,"minecraft:stick":12,"minecraft:wooden_pickaxe":1,"minecraft:stone_pickaxe":1,"minecraft:wooden_axe":1,"minecraft:stone_sword":1,"spartanshields:wooden_basic_shield":1,"minecraft:furnace":1,"minecraft:acacia_planks":16,"minecraft:torch":24,"minecraft:air":0},"minecraft:mined":{"minecraft:acacia_leaves":2,"minecraft:furnace":1,"minecraft:grass":9,"minecraft:acacia_log":11,"minecraft:coal_ore":34,"minecraft:stone":27},"minecraft:dropped":{"minecraft:torch":8,"minecraft:cooked_porkchop":2},"minecraft:picked_up":{"minecraft:stick":9,"minecraft:andesite":3,"minecraft:torch":1,"minecraft:acacia_log":11,"minecraft:porkchop":5,"minecraft:rotten_flesh":2,"minecraft:acacia_planks":10,"alexsmobs:maggot":2,"minecraft:coal":34,"minecraft:cobblestone":38,"minecraft:furnace":1},"minecraft:custom":{"minecraft:time_since_rest":11752,"minecraft:interact_with_furnace":2,"minecraft:sprint_one_cm":6790,"minecraft:damage_taken":600,"minecraft:walk_one_cm":32188,"minecraft:damage_blocked_by_shield":615,"minecraft:mob_kills":3,"minecraft:drop":9,"minecraft:damage_dealt":430,"minecraft:interact_with_crafting_table":23,"minecraft:fly_one_cm":3929,"minecraft:crouch_one_cm":4107,"minecraft:deaths":1,"minecraft:play_time":16441,"minecraft:sneak_time":2502,"minecraft:walk_under_water_one_cm":951,"minecraft:jump":84,"minecraft:leave_game":2,"minecraft:walk_on_water_one_cm":3198,"minecraft:time_since_death":11720,"minecraft:total_world_time":16441,"minecraft:fall_one_cm":7099},"minecraft:used":{"minecraft:wooden_axe":3,"minecraft:stone_sword":4,"spartanshields:wooden_basic_shield":7,"minecraft:stone_pickaxe":24,"minecraft:wooden_pickaxe":38,"minecraft:rotten_flesh":2,"minecraft:torch":9,"minecraft:cobblestone":2,"minecraft:crafting_table":1,"minecraft:cooked_porkchop":1,"minecraft:furnace":1},"minecraft:killed":{"minecraft:skeleton":1,"minecraft:pig":2}},"DataVersion":3465}