{"stats":{"minecraft:crafted":{"minecraft:wooden_sword":2,"minecraft:wooden_shovel":2,"minecraft:crafting_table":1,"minecraft:stick":16,"minecraft:wooden_pickaxe":3,"minecraft:acacia_planks":40},"minecraft:mined":{"minecraft:acacia_leaves":3,"minecraft:grass":6,"minecraft:acacia_log":10,"minecraft:grass_block":2,"minecraft:dirt":1,"minecraft:tall_grass":4,"minecraft:stone":5},"minecraft:killed_by":{"minecraft:player":2,"minecraft:skeleton":1,"minecraft:enderman":1},"minecraft:picked_up":{"minecraft:stick":2,"minecraft:feather":6,"minecraft:chicken":6,"spartanweaponry:simple_handle":1,"spartanshields:iron_basic_shield":1,"minecraft:leather":6,"alexsmobs:acacia_blossom":1,"minecraft:torch":6,"minecraft:acacia_log":10,"minecraft:wooden_pickaxe":1,"minecraft:porkchop":5,"iceandfire:rotten_egg":1,"minecraft:dirt":30,"alexsmobs:animal_dictionary":1,"minecraft:raw_copper":16,"minecraft:rotten_flesh":2,"minecraft:acacia_planks":30,"minecraft:stone_axe":1,"minecraft:wheat_seeds":6,"minecraft:stone_pickaxe":2,"minecraft:wooden_shovel":1,"minecraft:oak_sapling":4,"minecraft:mutton":3,"minecraft:acacia_sapling":8,"minecraft:furnace":1,"minecraft:cobblestone":3,"minecraft:egg":4},"minecraft:custom":{"minecraft:time_since_rest":5147,"minecraft:sprint_one_cm":27190,"minecraft:damage_taken":1411,"minecraft:walk_one_cm":78348,"minecraft:damage_blocked_by_shield":70,"minecraft:mob_kills":4,"minecraft:damage_dealt":1016,"minecraft:fly_one_cm":59296,"minecraft:interact_with_crafting_table":6,"minecraft:player_kills":1,"minecraft:crouch_one_cm":1561,"minecraft:play_time":15997,"minecraft:deaths":5,"minecraft:sneak_time":393,"minecraft:walk_under_water_one_cm":15,"minecraft:jump":368,"minecraft:walk_on_water_one_cm":175,"minecraft:time_since_death":5115,"minecraft:total_world_time":15997,"minecraft:fall_one_cm":25347},"minecraft:used":{"minecraft:wooden_pickaxe":5,"minecraft:wooden_shovel":3,"minecraft:torch":1,"minecraft:wooden_sword":31,"minecraft:mutton":3,"spartanshields:iron_basic_shield":1,"minecraft:crafting_table":1,"minecraft:egg":1,"alexsmobs:animal_dictionary":2},"minecraft:killed":{"minecraft:zombie":1,"minecraft:pig":1,"minecraft:chicken":2}},"DataVersion":3465}