{"stats":{"minecraft:mined":{"minecraft:grass":1},"minecraft:picked_up":{"minecraft:acacia_planks":30},"minecraft:custom":{"minecraft:jump":86,"minecraft:time_since_rest":3997,"minecraft:damage_dealt":55,"minecraft:crouch_one_cm":749,"minecraft:sprint_one_cm":1733,"minecraft:play_time":3997,"minecraft:damage_taken":20,"minecraft:time_since_death":3997,"minecraft:walk_one_cm":22140,"minecraft:sneak_time":185,"minecraft:total_world_time":3997,"minecraft:interact_with_crafting_table":3,"minecraft:fall_one_cm":2200,"minecraft:fly_one_cm":4202},"minecraft:used":{"alexsmobs:animal_dictionary":2}},"DataVersion":3465}