{"stats":{"minecraft:crafted":{"minecraft:cooked_beef":1,"minecraft:oak_planks":40,"minecraft:cooked_porkchop":5,"minecraft:crafting_table":3,"spartanshields:wooden_tower_shield":1,"minecraft:wooden_pickaxe":3,"minecraft:stone_axe":3,"spartanshields:stone_tower_shield":1,"minecraft:air":0,"minecraft:stick":24,"minecraft:stone_pickaxe":4,"minecraft:acacia_planks":20,"minecraft:torch":24},"minecraft:mined":{"minecraft:acacia_leaves":12,"minecraft:crafting_table":6,"minecraft:torch":1,"minecraft:acacia_log":59,"minecraft:grass_block":9,"minecraft:tall_grass":7,"minecraft:cobblestone":2,"minecraft:wall_torch":1,"minecraft:furnace":1,"minecraft:iron_ore":9,"minecraft:grass":34,"minecraft:coal_ore":55,"minecraft:oak_log":57,"minecraft:gravel":17,"minecraft:dirt":4,"minecraft:stone":160,"minecraft:oak_leaves":17},"minecraft:killed_by":{"minecraft:player":3,"minecraft:skeleton":1,"minecraft:zombie":1},"minecraft:dropped":{"alexsmobs:maggot":1,"minecraft:torch":1},"minecraft:custom":{"minecraft:interact_with_furnace":6,"spartanshields:shield_bash_hits":10,"minecraft:mob_kills":19,"minecraft:interact_with_crafting_table":9,"minecraft:time_since_death":7332,"minecraft:sleep_in_bed":3,"minecraft:time_since_rest":7364,"minecraft:sprint_one_cm":103687,"minecraft:damage_taken":1625,"minecraft:walk_one_cm":136291,"minecraft:damage_blocked_by_shield":1110,"minecraft:drop":2,"minecraft:damage_dealt":2318,"minecraft:damage_dealt_absorbed":16,"minecraft:swim_one_cm":12848,"minecraft:player_kills":1,"minecraft:fly_one_cm":147657,"minecraft:crouch_one_cm":19836,"minecraft:play_time":53785,"minecraft:deaths":5,"minecraft:sneak_time":6266,"minecraft:walk_under_water_one_cm":6788,"minecraft:jump":1019,"minecraft:walk_on_water_one_cm":7687,"minecraft:total_world_time":53785,"minecraft:fall_one_cm":28373},"minecraft:picked_up":{"minecraft:crafting_table":6,"minecraft:feather":4,"minecraft:cooked_beef":5,"minecraft:chicken":2,"alexsmobs:acacia_blossom":2,"minecraft:flint":2,"minecraft:oak_log":57,"minecraft:dirt":18,"minecraft:string":1,"minecraft:wheat_seeds":6,"minecraft:acacia_sapling":3,"minecraft:egg":2,"minecraft:furnace":1,"minecraft:stick":7,"minecraft:raw_iron":8,"minecraft:torch":4,"minecraft:acacia_log":59,"minecraft:gravel":24,"sophisticatedbackpacks:backpack":1,"minecraft:porkchop":19,"spartanshields:stone_basic_shield":1,"minecraft:leather_helmet":1,"minecraft:rotten_flesh":4,"alexsmobs:maggot":5,"minecraft:oak_sapling":1,"minecraft:mutton":6,"minecraft:coal":57,"minecraft:cobblestone":165,"minecraft:ender_pearl":1},"minecraft:killed":{"minecraft:pig":9,"minecraft:spider":1,"minecraft:zombie":3,"alexsmobs:terrapin":1,"minecraft:chicken":2,"alexsmobs:fly":2,"minecraft:enderman":1},"minecraft:used":{"minecraft:stone_pickaxe":112,"minecraft:wooden_pickaxe":121,"minecraft:torch":11,"minecraft:dirt":8,"minecraft:crafting_table":5,"spartanshields:stone_basic_shield":19,"minecraft:stone_axe":169,"minecraft:cobblestone":7,"minecraft:cooked_porkchop":2,"minecraft:egg":2,"minecraft:cooked_beef":1}},"DataVersion":3465}