{"stats":{"minecraft:crafted":{"minecraft:oak_planks":16,"minecraft:crafting_table":1,"minecraft:wooden_pickaxe":1,"minecraft:stone_pickaxe":1},"minecraft:mined":{"minecraft:oak_log":4,"minecraft:dead_bush":15,"minecraft:stone":3,"minecraft:oak_leaves":1},"minecraft:used":{"minecraft:crafting_table":1,"minecraft:wooden_pickaxe":3},"minecraft:picked_up":{"minecraft:stick":12,"minecraft:oak_log":4,"minecraft:cobblestone":3},"minecraft:custom":{"minecraft:time_since_rest":5254,"minecraft:crouch_one_cm":410,"minecraft:play_time":5254,"minecraft:sprint_one_cm":771,"minecraft:walk_one_cm":29750,"minecraft:sneak_time":129,"minecraft:jump":71,"minecraft:time_since_death":5254,"minecraft:total_world_time":5254,"minecraft:interact_with_crafting_table":2,"minecraft:fall_one_cm":627,"minecraft:fly_one_cm":402}},"DataVersion":3465}