{"stats":{"minecraft:crafted":{"minecraft:oak_planks":24,"minecraft:cooked_porkchop":5,"minecraft:crafting_table":2,"minecraft:stick":16,"minecraft:stone_pickaxe":2,"minecraft:wooden_pickaxe":2,"spartanshields:wooden_tower_shield":1,"minecraft:acacia_planks":20,"minecraft:torch":16,"minecraft:stone_axe":2,"spartanshields:stone_tower_shield":1,"minecraft:air":0},"minecraft:mined":{"minecraft:acacia_leaves":12,"minecraft:furnace":1,"minecraft:iron_ore":9,"minecraft:crafting_table":5,"minecraft:oak_log":12,"minecraft:grass":12,"minecraft:acacia_log":59,"minecraft:grass_block":4,"minecraft:coal_ore":53,"minecraft:gravel":1,"minecraft:dirt":3,"minecraft:tall_grass":2,"minecraft:cobblestone":2,"minecraft:stone":92,"minecraft:oak_leaves":5},"minecraft:killed_by":{"minecraft:player":2},"minecraft:dropped":{"alexsmobs:maggot":1,"minecraft:torch":1},"minecraft:picked_up":{"minecraft:raw_iron":8,"minecraft:stick":3,"minecraft:crafting_table":5,"minecraft:torch":1,"alexsmobs:acacia_blossom":2,"minecraft:acacia_log":59,"sophisticatedbackpacks:backpack":1,"minecraft:gravel":1,"minecraft:porkchop":6,"minecraft:oak_log":12,"minecraft:leather_helmet":1,"minecraft:string":1,"minecraft:dirt":8,"minecraft:rotten_flesh":4,"minecraft:wheat_seeds":3,"alexsmobs:maggot":1,"minecraft:acacia_sapling":1,"minecraft:coal":54,"minecraft:furnace":1,"minecraft:cobblestone":97,"minecraft:ender_pearl":1},"minecraft:custom":{"minecraft:time_since_rest":3932,"minecraft:interact_with_furnace":5,"minecraft:sprint_one_cm":42080,"spartanshields:shield_bash_hits":1,"minecraft:damage_taken":665,"minecraft:walk_one_cm":67776,"minecraft:mob_kills":8,"minecraft:drop":2,"minecraft:damage_dealt":1276,"minecraft:swim_one_cm":699,"minecraft:fly_one_cm":60121,"minecraft:interact_with_crafting_table":7,"minecraft:crouch_one_cm":14517,"minecraft:play_time":29785,"minecraft:deaths":2,"minecraft:sneak_time":4562,"minecraft:walk_under_water_one_cm":3418,"minecraft:jump":413,"minecraft:walk_on_water_one_cm":6377,"minecraft:time_since_death":3899,"minecraft:total_world_time":29785,"minecraft:fall_one_cm":13887},"minecraft:used":{"minecraft:stone_pickaxe":83,"minecraft:wooden_pickaxe":79,"minecraft:torch":8,"minecraft:stone_axe":99,"minecraft:dirt":6,"minecraft:cobblestone":7,"minecraft:crafting_table":4,"minecraft:cooked_porkchop":2},"minecraft:killed":{"minecraft:zombie":3,"minecraft:pig":2,"minecraft:spider":1,"alexsmobs:fly":1,"minecraft:enderman":1}},"DataVersion":3465}