{"stats":{"minecraft:crafted":{"minecraft:cooked_beef":1,"minecraft:oak_planks":24,"minecraft:cooked_porkchop":5,"minecraft:crafting_table":2,"minecraft:stick":16,"minecraft:stone_pickaxe":2,"minecraft:wooden_pickaxe":2,"spartanshields:wooden_tower_shield":1,"minecraft:acacia_planks":20,"minecraft:torch":24,"minecraft:stone_axe":2,"spartanshields:stone_tower_shield":1,"minecraft:air":0},"minecraft:mined":{"minecraft:acacia_leaves":12,"minecraft:furnace":1,"minecraft:iron_ore":9,"minecraft:torch":1,"minecraft:crafting_table":5,"minecraft:oak_log":28,"minecraft:grass":17,"minecraft:acacia_log":59,"minecraft:grass_block":7,"minecraft:coal_ore":55,"minecraft:gravel":17,"minecraft:dirt":3,"minecraft:tall_grass":5,"minecraft:cobblestone":2,"minecraft:stone":115,"minecraft:wall_torch":1,"minecraft:oak_leaves":7},"minecraft:killed_by":{"minecraft:player":2,"minecraft:skeleton":1},"minecraft:dropped":{"alexsmobs:maggot":1,"minecraft:torch":1},"minecraft:picked_up":{"minecraft:raw_iron":8,"minecraft:stick":3,"minecraft:crafting_table":5,"minecraft:torch":4,"alexsmobs:acacia_blossom":2,"minecraft:acacia_log":59,"minecraft:flint":2,"sophisticatedbackpacks:backpack":1,"minecraft:gravel":16,"minecraft:porkchop":6,"minecraft:oak_log":28,"spartanshields:stone_basic_shield":1,"minecraft:leather_helmet":1,"minecraft:string":1,"minecraft:dirt":11,"minecraft:rotten_flesh":4,"minecraft:wheat_seeds":4,"alexsmobs:maggot":3,"minecraft:acacia_sapling":1,"minecraft:coal":57,"minecraft:furnace":1,"minecraft:cobblestone":120,"minecraft:ender_pearl":1},"minecraft:custom":{"minecraft:time_since_rest":3061,"minecraft:interact_with_furnace":6,"minecraft:sprint_one_cm":69631,"spartanshields:shield_bash_hits":2,"minecraft:damage_taken":905,"minecraft:walk_one_cm":104273,"minecraft:damage_blocked_by_shield":55,"minecraft:mob_kills":10,"minecraft:drop":2,"minecraft:damage_dealt":1426,"minecraft:swim_one_cm":12848,"minecraft:fly_one_cm":92395,"minecraft:interact_with_crafting_table":7,"minecraft:crouch_one_cm":15369,"minecraft:play_time":41785,"minecraft:deaths":3,"minecraft:sneak_time":4994,"minecraft:walk_under_water_one_cm":6788,"minecraft:jump":684,"minecraft:walk_on_water_one_cm":7687,"minecraft:time_since_death":5282,"minecraft:sleep_in_bed":3,"minecraft:total_world_time":41785,"minecraft:fall_one_cm":18736},"minecraft:killed":{"minecraft:zombie":3,"minecraft:pig":2,"alexsmobs:terrapin":1,"minecraft:spider":1,"alexsmobs:fly":2,"minecraft:enderman":1},"minecraft:used":{"spartanshields:stone_basic_shield":5,"minecraft:stone_pickaxe":109,"minecraft:wooden_pickaxe":79,"minecraft:torch":11,"minecraft:stone_axe":122,"minecraft:dirt":7,"minecraft:cobblestone":7,"minecraft:crafting_table":4,"minecraft:cooked_porkchop":2}},"DataVersion":3465}