{"stats":{"minecraft:dropped":{"minecraft:oak_sapling":1,"minecraft:wooden_pickaxe":1},"minecraft:broken":{"minecraft:stone_pickaxe":1},"minecraft:mined":{"minecraft:furnace":1,"minecraft:iron_ore":14,"minecraft:fire":9,"minecraft:crafting_table":1,"minecraft:grass":8,"minecraft:emerald_ore":1,"minecraft:oak_log":4,"minecraft:coal_ore":57,"minecraft:dead_bush":16,"minecraft:gravel":9,"minecraft:stone":63,"minecraft:oak_leaves":1},"minecraft:crafted":{"minecraft:oak_planks":16,"minecraft:shield":1,"minecraft:crafting_table":1,"minecraft:wooden_pickaxe":1,"minecraft:iron_ingot":12,"minecraft:iron_pickaxe":1,"minecraft:stone_pickaxe":1,"minecraft:furnace":1,"minecraft:torch":16,"minecraft:stone_axe":1,"minecraft:air":0,"minecraft:flint_and_steel":1},"minecraft:killed":{"minecraft:chicken":6,"minecraft:cow":3},"minecraft:used":{"minecraft:flint_and_steel":12,"minecraft:stone_pickaxe":131,"minecraft:iron_pickaxe":2,"minecraft:wooden_pickaxe":3,"minecraft:gravel":8,"minecraft:stone_axe":29,"minecraft:crafting_table":1,"minecraft:furnace":1},"minecraft:picked_up":{"minecraft:crafting_table":1,"minecraft:stick":12,"minecraft:raw_iron":14,"minecraft:feather":8,"minecraft:cooked_beef":10,"minecraft:leather":6,"minecraft:gravel":8,"minecraft:flint":1,"minecraft:oak_log":4,"minecraft:cooked_chicken":6,"minecraft:emerald":1,"minecraft:oak_sapling":1,"minecraft:coal":111,"minecraft:cobblestone":63,"minecraft:furnace":1},"minecraft:custom":{"minecraft:time_since_rest":17495,"minecraft:damage_taken":140,"minecraft:interact_with_furnace":27,"minecraft:sprint_one_cm":10003,"minecraft:walk_one_cm":73888,"minecraft:mob_kills":10,"minecraft:drop":2,"minecraft:damage_dealt":401,"minecraft:swim_one_cm":2496,"minecraft:interact_with_crafting_table":11,"minecraft:fly_one_cm":13792,"minecraft:crouch_one_cm":5239,"minecraft:play_time":17495,"minecraft:sneak_time":1803,"minecraft:walk_under_water_one_cm":1501,"minecraft:jump":256,"minecraft:leave_game":1,"minecraft:walk_on_water_one_cm":105,"minecraft:time_since_death":17495,"minecraft:total_world_time":17495,"minecraft:fall_one_cm":5116}},"DataVersion":3465}