{"stats":{"minecraft:crafted":{"minecraft:cooked_porkchop":5,"minecraft:crafting_table":1,"minecraft:stick":8,"minecraft:stone_pickaxe":1,"minecraft:wooden_pickaxe":1,"spartanshields:wooden_tower_shield":1,"minecraft:acacia_planks":20,"minecraft:torch":16,"minecraft:stone_axe":1,"spartanshields:stone_tower_shield":1,"minecraft:air":0},"minecraft:mined":{"minecraft:acacia_leaves":12,"minecraft:furnace":1,"minecraft:iron_ore":2,"minecraft:crafting_table":4,"minecraft:grass":10,"minecraft:acacia_log":59,"minecraft:grass_block":3,"minecraft:coal_ore":47,"minecraft:gravel":1,"minecraft:dirt":2,"minecraft:tall_grass":1,"minecraft:stone":59},"minecraft:picked_up":{"minecraft:raw_iron":2,"minecraft:stick":3,"minecraft:crafting_table":4,"alexsmobs:acacia_blossom":2,"minecraft:acacia_log":59,"minecraft:gravel":1,"minecraft:porkchop":6,"minecraft:string":1,"minecraft:dirt":6,"minecraft:rotten_flesh":2,"minecraft:wheat_seeds":2,"alexsmobs:maggot":1,"minecraft:acacia_sapling":1,"minecraft:coal":49,"minecraft:furnace":1,"minecraft:cobblestone":60,"minecraft:ender_pearl":1},"minecraft:custom":{"minecraft:time_since_rest":17785,"minecraft:interact_with_furnace":5,"minecraft:sprint_one_cm":19471,"minecraft:damage_taken":70,"minecraft:walk_one_cm":39917,"minecraft:mob_kills":6,"minecraft:damage_dealt":834,"minecraft:fly_one_cm":27659,"minecraft:interact_with_crafting_table":5,"minecraft:crouch_one_cm":10318,"minecraft:play_time":17785,"minecraft:sneak_time":2827,"minecraft:walk_under_water_one_cm":626,"minecraft:jump":192,"minecraft:walk_on_water_one_cm":206,"minecraft:time_since_death":17785,"minecraft:total_world_time":17785,"minecraft:fall_one_cm":4366},"minecraft:used":{"minecraft:stone_pickaxe":54,"minecraft:wooden_pickaxe":57,"minecraft:torch":3,"minecraft:stone_axe":86,"minecraft:dirt":6,"minecraft:cobblestone":3,"minecraft:crafting_table":3,"minecraft:cooked_porkchop":2},"minecraft:killed":{"minecraft:zombie":1,"minecraft:pig":2,"minecraft:spider":1,"alexsmobs:fly":1,"minecraft:enderman":1}},"DataVersion":3465}