{
  "morevillagers:root": {
    "criteria": {
      "always": "2024-06-28 22:26:53 +0000"
    },
    "done": true
  },
  "minecraft:recipes/decorations/crafting_table": {
    "criteria": {
      "unlock_right_away": "2024-06-28 22:26:53 +0000"
    },
    "done": true
  },
  "betterdeserttemples:root": {
    "criteria": {
      "always": "2024-06-28 22:26:53 +0000"
    },
    "done": true
  },
  "dungeons_arise:wda_root": {
    "criteria": {
      "WDA": "2024-06-28 22:26:53 +0000"
    },
    "done": true
  },
  "minecraft:adventure/adventuring_time": {
    "criteria": {
      "minecraft:badlands": "2024-06-28 22:27:13 +0000",
      "minecraft:stony_shore": "2024-06-28 22:26:55 +0000",
      "minecraft:desert": "2024-06-28 22:27:15 +0000"
    },
    "done": false
  },
  "DataVersion": 3465
}